{"c0:98:e5:50:50:44:50:2c": [5.053967557582178, 7.076084732479896, 2.075], "c0:98:e5:50:50:44:50:3e": [5.196109897201488, 3.289681913931374, 2.075], "c0:98:e5:50:50:44:50:31": [6.408850599275104, 3.0923158089409974, 2.075], "c0:98:e5:50:50:44:50:3f": [8.18207194594123, 7.025917544647734, 2.075]}